-1.58902338606647,0.705860861189625,1.0
-2.00532926226342,0.178755448371002,1.0
2.02888809973364,0.298682995590025,1.0
1.13343898301829,-0.845153877317741,1.0
0.763083312824319,-0.0111195112603327,1.0
0.526246772865296,0.800334781205138,1.0
-0.979679346020673,-1.49429718916605,1.0
0.137003709776783,-0.393428818236828,1.0
-0.266643640099749,-1.32625813132996,1.0
0.45515324258759,1.33811616912166,1.0
-0.565548126996346,0.456685187034072,1.0
2.47163864424965,1.29787683089544,1.0
-1.24571553203538,-0.371819635139018,1.0
0.783822796035269,0.557761852804649,1.0
0.657480758375923,0.603195309934045,1.0
-0.28111669932136,1.02913081491797,1.0
3.0613551262401,0.247197034208656,1.0
-0.436572368542814,0.52854050639226,1.0
-0.128566178810145,-1.63582617029563,1.0
2.18542885469929,1.22770838382109,1.0
1.69431830517611,-0.494827888094912,1.0
-1.48982669501119,-0.681460090189011,1.0
1.11612063033296,-1.6648385641274,1.0
0.425333667235656,0.0983981652211304,1.0
0.543109501034905,0.0780183170016254,1.0
-0.559188451216689,0.350822626203399,1.0
-1.31808114289274,0.640646524207175,1.0
-1.36803648318176,-0.301633557881243,1.0
-1.17539672892234,1.0739932993988,1.0
-0.606761481937634,-0.453051102534772,1.0
-1.1797383238454,-1.20969387161012,1.0
1.00791644562174,-0.412320355415607,1.0
0.246803226722827,-0.693573782402058,1.0
0.224725490320235,0.159352230195711,1.0
-1.21853209960649,0.428913701126576,1.0
0.729602425663193,-1.12804341577292,1.0
-2.51105222665816,0.294406038493442,1.0
-0.643249726048553,-0.512159181680616,1.0
0.595505190485883,0.906334173478815,1.0
2.00230612630893,-0.731183578889544,1.0
-0.414639429114522,-0.086663773025702,1.0
0.868573802618125,-0.507534987157912,1.0
2.24658800924268,-0.258462283684426,1.0
-0.625355193792634,0.52513777106137,1.0
-0.701794781320309,-0.736508214600866,1.0
2.31402536177957,-1.38321624981238,1.0
0.117880031919911,-0.982082762641912,1.0
1.14067126208801,-1.347676170667,1.0
0.307821379968,0.474855792591881,1.0
0.749511129603749,0.20385576657284,1.0
0.657652289336432,0.736706578446486,1.0
0.437012456342547,-0.782006175367548,1.0
-2.79112001532752,0.345770126094857,1.0
-0.531725343819982,-0.578311612308745,1.0
-0.453650771300955,0.608575129823376,1.0
-0.881764185422865,0.568222086237321,1.0
-0.779323971684219,0.194508679689786,1.0
-0.509585533831635,1.92166920289733,1.0
-1.2049659218926,-1.06364051012994,1.0
0.0444621637110212,-0.214013169580396,1.0
-0.792295960735001,0.00641980221000261,1.0
-0.76176799936504,0.187399166529214,1.0
-1.63306487149322,0.744766298623439,1.0
0.878132290283225,1.43332328539067,1.0
-1.84769611873141,-0.666400257173593,1.0
0.79659330161046,0.163922065620734,1.0
-0.0031321301446921,-2.01476166899772,1.0
0.63458641377785,-1.65008938991799,1.0
-0.651624637199724,0.133948047170163,1.0
0.536953663322869,-0.0219398543228119,1.0
0.939742070461513,-0.627368681513197,1.0
0.224886077637593,-1.57202247301408,1.0
0.163325096002011,-0.380299946034163,1.0
0.0297222701997542,1.0968966689809,1.0
-0.133177928127829,0.358979748049282,1.0
0.163048910305464,-0.835892682328638,1.0
-0.359155439738516,-0.0409781288074224,1.0
-1.73181816517706,1.08100849216824,1.0
1.0666192040603,0.686581903868539,1.0
-0.641022184481893,-2.28509422822748,1.0
-0.0990746912330294,0.23562367750389,1.0
-0.164638127085442,0.792658297242874,1.0
0.635970993512097,-0.161041559620633,1.0
1.5023466069132,-1.14520430191579,1.0
-2.18541926351065,0.155519922580008,1.0
0.288467924376716,0.44005945328354,1.0
-0.406008131291037,-0.471869129554466,1.0
-1.37084283741727,-0.316692818330121,1.0
-0.359220715394212,-0.0108016589681323,1.0
-0.161028066583204,0.442260340471628,1.0
2.23108073224555,0.356308424826802,1.0
-1.46490300231793,0.637502653023005,1.0
1.93202755688681,-0.296530000373222,1.0
0.0277295867682917,-0.867462819752733,1.0
0.831831530925607,0.80772084911472,1.0
-0.429993421015854,0.665294165153939,1.0
-1.05352828993673,-0.902525485786153,1.0
0.658364022699098,0.487884626013508,1.0
0.785046107777892,0.637847754446746,1.0
0.919478714144396,-0.653487670594667,1.0
-0.238113026578735,1.3910862954423,1.0
0.991509211328999,0.151971227936558,1.0
-0.199119739117541,-1.39535177727068,1.0
1.31792602695997,0.312225594164297,1.0
0.144809231299686,1.14636633775713,1.0
-0.248958545002579,-0.726281610264248,1.0
-1.69145157291729,-0.249585322075731,1.0
2.29562876011768,1.36568349773923,1.0
0.719577623837983,0.785492276436471,1.0
-0.414688256698848,-0.24770914971262,1.0
0.203475001457017,-0.41673235227495,1.0
-0.31729196964207,0.436430317223802,1.0
-0.626750899083966,0.481847269174023,1.0
-0.821407439256492,0.314035751962843,1.0
-1.55795647848274,-0.712180563623786,1.0
1.37341007701649,0.0795171638475335,1.0
0.866809167349921,0.507328160487656,1.0
-0.195202903970672,1.46433468653062,1.0
-0.383592044054078,1.35507470756802,1.0
1.00496913557119,-0.143317123929797,1.0
-1.84806097476555,-0.27515314149347,1.0
-2.8558974453898,-0.317912434335279,1.0
-0.859184538374441,1.92138881898347,1.0
-0.962583797037474,1.09351607701198,1.0
1.40483441040546,1.81516825354745,1.0
-0.853427277820098,0.142660349161505,1.0
-1.71407865223533,0.764051596161168,1.0
-1.52800715554751,-1.68657567642935,1.0
-0.493628466203493,-1.2811065070275,1.0
0.697866632523316,0.137589998670715,1.0
-2.57401849984885,-0.926814431324962,1.0
-0.523765372114233,-1.57044972224934,1.0
-0.768464707294931,-0.215935632582953,1.0
1.16555300495086,1.02866716109797,1.0
2.07043153046721,-0.543262953399938,1.0
0.541638982415728,-0.252133633464653,1.0
0.738668637878565,2.273377306829,1.0
-0.638783868560496,1.72375989215653,1.0
-1.02760315856876,-0.772720345667672,1.0
-0.0872745562637033,0.0139309390806382,1.0
0.753690940428602,-2.23779799015693,1.0
2.21380810159007,0.507166383671671,1.0
0.26844378259894,0.0949148263080561,1.0
-0.979266939547258,0.379835848520314,1.0
-0.974447345234443,1.34493433603079,1.0
-1.12319917265448,0.572808699182827,1.0
0.643349916672962,-1.41009900400141,1.0
0.381771196499658,-1.61899022670259,1.0
0.147831118514087,0.184550854361362,1.0
0.48134182899427,-0.629316442409864,1.0
-0.0935400083739036,-0.943766070703792,1.0
-0.538224506872304,-2.24694505657515,1.0
0.438291442270132,-0.736673765428562,1.0
0.587050369225561,0.852353546137703,1.0
-1.02866757122107,-0.654782925358301,1.0
-2.32700814827161,-0.00550450757023249,1.0
-0.656071892207449,-0.638404635266331,1.0
-1.15750897337583,0.225933529848486,1.0
-0.900626529093962,-0.136506731643059,1.0
0.976581898244067,1.22731839191085,1.0
-0.758645574968327,-1.08075672342093,1.0
-0.11084518773999,0.364651655541465,1.0
2.87210612593291,0.151200962613441,1.0
0.0230423023739281,-1.74984009615568,1.0
-0.99489412510344,0.314558527506719,1.0
0.218884303919577,-1.05313445382658,1.0
-1.44212281582847,-1.34392836842721,1.0
-0.761493040329954,-0.0804844434763778,1.0
-0.546094225199239,1.17564519790029,1.0
0.0118210990543276,0.499407025256916,1.0
1.20716609395166,1.50558495143773,1.0
0.156873955610863,-0.41633803741413,1.0
-0.195069068263315,0.00683636568039029,1.0
0.228141773976841,0.510803339760079,1.0
-1.20088832241246,0.881928012368655,1.0
0.410752479843341,-0.680775487243067,1.0
-0.628486598826142,-0.414154518698281,1.0
0.491040454242666,-0.102136783613963,1.0
-0.355846397037939,-0.0655984149175913,1.0
-0.908240210127175,0.310069171411971,1.0
-1.72316296487104,0.401303419291529,1.0
0.160347896103662,-0.373781270381104,1.0
0.464123672401612,0.212754417130552,1.0
-0.580172939621701,0.873321402003642,1.0
-1.36522024681402,-1.19935723640525,1.0
-1.1670736230929,-0.520822958864472,1.0
1.03065668881969,-2.37169802236742,1.0
-0.739577697644967,1.27432199765771,1.0
0.283183853463861,1.0040187045538,1.0
-0.0159633953677764,-0.493551791865276,1.0
0.996638135285779,-0.490121148037458,1.0
-0.55167813349317,2.16454091328129,1.0
0.0197199999929638,0.199834895823905,1.0
1.73393828914699,-1.59082901807174,1.0
0.738265290598184,1.23352872009835,1.0
2.19064532802678,0.426290103130285,1.0
0.234524975761536,1.23057342321669,1.0
0.691141182105269,1.31113104793762,1.0
1.10844782213171,-2.35367660696382,1.0
0.977993689774023,-0.253327730282134,1.0
-0.933807295122849,2.39092107689046,1.0
-2.05621701828829,0.0271390408255764,1.0
0.583136269907346,-0.556281746265099,1.0
-0.850820451904006,0.0760213922451228,1.0
2.13131991212065,1.30682480255375,1.0
0.544003654682002,-0.0837873535243461,1.0
0.705080252663863,1.56977223750642,1.0
0.728003036328358,-0.803856793005885,1.0
1.15498775626153,-1.30811026177919,1.0
-0.300535511817266,-0.739019464158256,1.0
-0.0658247836309132,-0.564669460749955,1.0
0.22263143117725,0.207799017047544,1.0
1.05933541354879,1.93002444596957,1.0
0.493251054063006,-1.32514549669955,1.0
-0.521489750217487,-1.83808374500413,1.0
0.954909054953417,-0.807689337867488,1.0
0.278973278923579,-1.65728206193315,1.0
-1.00246081050379,0.168886700068185,1.0
0.0312895109743597,-0.0923783061237347,1.0
-1.13220970754653,-0.908952312055325,1.0
-0.743014574621374,0.567118470203286,1.0
0.595711513908413,-1.42885751934001,1.0
-1.9079240027445,-0.252912681515646,1.0
-1.42995131620104,0.265388810022145,1.0
1.401678953177,-0.216040568533061,1.0
0.423752530237593,0.0823035704962095,1.0
0.64629390951281,-0.437578431365726,1.0
1.04672470135474,-0.587859486562121,1.0
1.25482116609355,-0.275512286932111,1.0
0.301823104227514,0.0155467389667253,1.0
0.848251734259952,-0.563374852002528,1.0
-0.753829767225611,0.0758561354399154,1.0
-0.296689898877117,0.859905704642589,1.0
-0.328739565842024,-2.1799735845234,1.0
-0.682728675304735,-0.484604684455498,1.0
-0.524739369073167,0.0857706322149085,1.0
0.449571711357454,-0.0723324502682246,1.0
-0.230808025573691,1.8598878679203,1.0
0.154614849209013,0.895788231638612,1.0
-0.395526703978976,0.562863679574646,1.0
0.0629045103206183,0.732701408410678,1.0
0.958318735420486,-1.03247360705233,1.0
-1.72138293601328,0.658315902900099,1.0
1.36368924947295,-0.309915810396238,1.0
0.571687162073553,-1.96194787131996,1.0
1.42463379385133,-2.15294336270062,1.0
1.06037420744386,0.746148965525943,1.0
-1.24767035991548,-0.649753565597746,1.0
-0.129011826393153,-0.0236718847811073,1.0
-0.469315655130139,-0.336010831979788,1.0
-1.43771385401184,-1.04016026244459,1.0
1.59656744752643,-0.536735677422086,1.0
-0.349867275011154,0.4161520931714,1.0
-0.23991374240574,-2.24300560369106,1.0
0.925542351954265,0.305987388042737,1.0
-0.134572384257423,-0.909259857996146,1.0
-0.126842178558542,0.910249758120594,1.0
0.460819438386959,-0.0536739383156829,1.0
0.660575585755788,-0.15254334760483,1.0
0.815713211975577,-0.972064445953857,1.0
0.589902699406794,-1.12462904602608,1.0
0.835704158383375,1.12973772470251,1.0
-0.399051570180566,-1.0496427138989,1.0
-1.75743666034953,1.02902637978759,1.0
1.97248020296556,1.051363549841,1.0
-0.59355837924296,0.0916128019131482,1.0
1.5787316594413,0.506267937452405,1.0
1.54574653517729,-0.395074881622516,1.0
0.904430289362354,-0.523776590272621,1.0
0.682544949562019,1.29305749295831,1.0
0.200396913167289,-2.63877580055848,1.0
-0.180379188093346,-0.409722018843747,1.0
-0.433028697115176,-0.227601038703981,1.0
-0.635949461086439,-0.782633164214805,1.0
-0.585828895659316,1.37958052641263,1.0
1.69992170967074,-0.0478120971298904,1.0
-2.05783382199246,0.529389507788745,1.0
-0.206093992061548,-0.463208765060052,1.0
-0.398396114940862,0.313149882488065,1.0
0.914799605311192,-2.44846275184143,1.0
0.262535878653095,1.23992149758754,1.0
-0.962986444691431,0.726324536782635,1.0
1.29260212664542,-0.731738910934959,1.0
1.58778808492926,0.948501064737629,1.0
0.285598333802022,1.0091981342818,1.0
0.118386298476765,-1.25675479821176,1.0
0.379676213619761,0.670983788632734,1.0
-0.452431418508243,0.296046653613179,1.0
1.39179350447631,-0.532076063987876,1.0
-1.85654729146489,-0.0894832096539511,1.0
1.47788389313275,1.8581117676366,1.0
-0.77720270151271,-0.18146496533533,1.0
-0.821682195109348,-0.709738543099848,1.0
0.161559427123848,0.604823670078447,1.0
0.341558277395253,1.04115238989242,1.0
0.548981616655065,-0.0565472221225169,1.0
0.606604094311068,-0.229295584800359,1.0
-1.34215122726671,1.08044693153559,1.0
0.702622126782434,1.68613585862858,1.0
0.683794478156354,-0.227653726048296,1.0
0.723806451461216,5.10302690638175,-1.0
-1.89274002136892,4.74264096825102,-1.0
-0.703149321321003,5.80516426314863,-1.0
-0.655524301642084,7.04862344910353,-1.0
-1.38585914800784,6.67773436754925,-1.0
0.0402935477472259,5.16368701888795,-1.0
-0.839363953141056,9.04522639164281,-1.0
-1.02871487178063,3.35110235734853,-1.0
1.11030702259204,3.21871652428519,-1.0
0.0901914574592649,10.9752486490685,-1.0
1.14189802357588,6.68758533312872,-1.0
0.304025315048295,8.10212942921971,-1.0
1.85616199275941,4.30189473835109,-1.0
0.618596785874828,5.69591351502952,-1.0
0.651861161477107,9.50113294121067,-1.0
0.937341281191855,5.84401141461894,-1.0
-0.873093017443863,4.95583519842066,-1.0
-1.05041708393931,6.12596366174343,-1.0
1.07594514533283,1.5544909061926,-1.0
0.903193267926217,7.79652039783507,-1.0
-0.816328667130675,4.86195925861018,-1.0
-0.106563618498056,3.98871778460875,-1.0
-0.0142467250286857,5.02351905573819,-1.0
0.581500239913394,5.35100936628702,-1.0
0.342838480913014,4.60935214790105,-1.0
-1.4667457776526,1.98654282915415,-1.0
0.952963984994218,4.38925265095909,-1.0
0.0961923434150209,5.8559495774859,-1.0
0.198628579367506,4.04480344876741,-1.0
0.305554777235109,4.84542374688098,-1.0
0.204119182949898,5.30741424393721,-1.0
-0.273076066478732,6.29969882589324,-1.0
-0.998549149527169,6.144055289126,-1.0
-0.294659062797857,4.77277712781478,-1.0
-0.417272905260089,3.63581034492882,-1.0
0.830243903941057,3.5383031445594,-1.0
2.4047911938047,6.77979252494886,-1.0
-0.699037514107216,5.04421256306508,-1.0
0.843313075258276,7.21175822901946,-1.0
0.43117789496101,7.08135803230618,-1.0
0.154273920608178,7.86734008605455,-1.0
0.750126006185514,7.25114863426804,-1.0
0.472205249436405,5.41335960917656,-1.0
0.11575910635508,6.12688020609621,-1.0
-1.28918554957204,6.58500788847209,-1.0
-0.778688694321583,5.82915200580437,-1.0
1.38701236806019,3.98637631511467,-1.0
0.804393732524566,5.05869272532786,-1.0
0.469654975937423,9.61442996293796,-1.0
1.32326248102418,5.1347145975034,-1.0
0.447651640417188,3.67487519179336,-1.0
0.0772046548572584,6.2604470547308,-1.0
-0.300574062821529,5.22726098009504,-1.0
-0.509344981479497,9.20130595546985,-1.0
-0.079462366731279,7.18254675349801,-1.0
-1.50899720328763,6.98301062659176,-1.0
-0.286185034135451,4.70485829414093,-1.0
1.37239627188657,7.98554185439068,-1.0
-0.170626169191226,4.4190944983843,-1.0
0.176609182105923,8.45447766716694,-1.0
0.274156033151174,1.59722434908139,-1.0
2.19940875618291,8.97502139362091,-1.0
-1.04752943403034,4.59255174709899,-1.0
-1.36076949516358,5.63076273999349,-1.0
0.640337431736877,5.71246329615534,-1.0
0.820908667237377,6.62370306050876,-1.0
-0.54395990544573,6.58312629001615,-1.0
-0.917934114867953,9.23500589483257,-1.0
-0.189267148852011,5.8355110058159,-1.0
-0.713666701723143,6.50434449724861,-1.0
0.497225053879495,7.12323988379402,-1.0
0.201161017521805,6.52248937076485,-1.0
-3.33176285630124,5.5110863854409,-1.0
0.123950921421006,7.20022272611863,-1.0
-0.985510663181063,4.15128191748366,-1.0
-0.75112696166936,5.2291419017261,-1.0
0.222708269155011,7.01326300028515,-1.0
-0.620371223629689,6.06058118395159,-1.0
-1.3384927818528,7.28437093179954,-1.0
-0.198231924475173,4.98574194329749,-1.0
-0.746182746718723,4.35594525309501,-1.0
-0.434169350690107,6.06608774400353,-1.0
-1.68004290186485,5.5876580849654,-1.0
0.893113201003107,3.10346913488002,-1.0
-0.234017904063135,5.94361342994802,-1.0
0.114706623050513,5.84285833477726,-1.0
-1.20453283038371,2.90822001686335,-1.0
-0.15743770595438,1.83240819633054,-1.0
1.28340362662272,4.94823301601063,-1.0
-0.0824624626235338,9.2607546373786,-1.0
1.12439731747151,6.84473407272406,-1.0
0.565262399212853,10.0011035721802,-1.0
0.176128803966003,4.02965260891428,-1.0
0.0172108812784593,6.15980055851055,-1.0
-0.284063804483894,3.7542673166926,-1.0
0.979672403912069,9.40723052353618,-1.0
0.542885152531372,3.56307400701122,-1.0
-1.32824871295249,6.35569370464681,-1.0
1.39466048411863,6.97268562467984,-1.0
0.0321237972090972,3.89133166298964,-1.0
0.729672722884646,8.32384226756063,-1.0
0.510247644192164,4.6740086411178,-1.0
1.25754244558119,3.35062563405953,-1.0
-0.949808352322579,6.24127584355245,-1.0
-0.187982833505308,5.55319755822585,-1.0
-0.308675566389,6.09012589453522,-1.0
1.47392357183896,5.06331438467257,-1.0
2.32188999140072,8.18750732763755,-1.0
-0.359199999109212,6.15292259032324,-1.0
0.440982296630308,7.21246927169409,-1.0
-1.39955244127979,3.06357264430589,-1.0
-0.12120908576721,8.33609940773936,-1.0
-0.931237029750227,4.90993705773688,-1.0
0.461751909340551,8.4509808316394,-1.0
2.02119383408858,3.8325344728002,-1.0
-0.033396343483326,6.21584041973324,-1.0
0.38759249919113,1.06249862238484,-1.0
0.990864838870256,4.74254150239532,-1.0
-0.945305161807565,7.5610325017713,-1.0
-1.60754694234952,6.52420365198763,-1.0
-0.0358237077660394,8.31443105147128,-1.0
-0.863527095556163,6.95881699696724,-1.0
1.34730334700901,3.5152970322594,-1.0
1.43195628997772,6.86035223823029,-1.0
-0.676604390824826,5.91575157762565,-1.0
1.2859338641511,9.60128920050899,-1.0
-1.31588076228488,7.05954294277148,-1.0
0.386101017674227,7.9709492582171,-1.0
0.0589058184669925,6.97665502098447,-1.0
-0.0271682590288375,5.113826468034,-1.0
-0.563015065838798,7.43414375263198,-1.0
-1.03221384788193,7.58436237448755,-1.0
-0.307441929867314,7.86652356481286,-1.0
0.506282966972886,5.53541153168175,-1.0
0.32255974642215,3.15545284177753,-1.0
1.03689230899568,7.27362907491857,-1.0
-0.632677040386868,4.95882586334987,-1.0
-0.926836780858696,8.44638599736244,-1.0
0.176140444916059,5.00712786834922,-1.0
-0.443943616345984,8.79504749355855,-1.0
0.946064095594035,9.57958011674873,-1.0
-1.45042614460449,3.99805658688392,-1.0
-0.516928170442325,7.13129672755797,-1.0
0.0925350523105884,7.97843375720358,-1.0
-0.566791889097119,6.68021971068491,-1.0
-0.986347243547739,4.15134991348925,-1.0
1.07268422269349,3.32732194131459,-1.0
0.891908873524607,8.45129342205645,-1.0
1.69545708669501,6.74238254230289,-1.0
0.639240619125499,2.84203012471138,-1.0
-0.553346758422098,3.75086438436181,-1.0
-0.275572111601747,8.04673955645808,-1.0
0.359185708886662,4.75887868283805,-1.0
1.17744447037465,7.9404616738541,-1.0
-0.191210922998892,7.95720932574701,-1.0
-1.6783460945832,4.42848701587943,-1.0
-1.00726145814618,8.26621162206826,-1.0
0.646125195033638,7.59065259101981,-1.0
0.004742771952095,2.91955772145393,-1.0
0.933515851246656,6.64859535462261,-1.0
0.428633920563917,7.62913743546494,-1.0
-1.41630963787277,7.88588639945274,-1.0
1.252928412204,5.12107600149377,-1.0
-1.25147139522053,7.87638994073761,-1.0
-0.0824761930753968,3.38577996660479,-1.0
0.131336920725672,3.98701335415407,-1.0
0.420950869682912,6.26903467363311,-1.0
1.44300974811023,5.68319853121519,-1.0
1.047174283506,5.1171330071151,-1.0
-0.987304116732754,7.88251730322173,-1.0
-0.960288626601099,7.60077254520755,-1.0
1.02221051237135,4.77384431457899,-1.0
0.628662270317026,4.80923493535662,-1.0
0.180160276648956,8.60691473413039,-1.0
-0.0441304226145965,7.03841865982739,-1.0
0.592770298774949,5.04523378213847,-1.0
-0.467291664235938,3.40328283867626,-1.0
2.14997656423022,6.46953404588358,-1.0
-0.0438514763820471,4.95099004531142,-1.0
-0.0318399277570167,3.79784835629428,-1.0
-0.371524367943901,5.79136035853587,-1.0
0.233495594251813,5.99567622229173,-1.0
0.142262857051161,6.20970653256142,-1.0
-0.906012692241345,4.72500255004445,-1.0
0.930680391371775,6.21222827041145,-1.0
-0.679548688419307,6.10307413972429,-1.0
-0.885054989996388,5.82164402198651,-1.0
0.472821797926402,6.17783393258434,-1.0
-0.470574474018815,5.27834747090089,-1.0
-0.293260272276593,8.67473317750143,-1.0
-1.45780533927725,7.09286222985668,-1.0
-0.637806417267605,4.39882519091644,-1.0
0.62448248404038,9.06491545323782,-1.0
-0.221872047882692,2.30295510154346,-1.0
-0.0491718424212241,5.05037057720055,-1.0
-0.999886526470525,7.61084694216648,-1.0
-1.68555279122428,9.5109890988864,-1.0
-0.834138631464721,4.80442421523336,-1.0
-0.53694049737483,10.1697967707305,-1.0
-0.438519283190944,9.10185941199981,-1.0
1.06258559132559,7.88102115955175,-1.0
-0.302294123317399,5.64088360680811,-1.0
1.29763192116671,6.10245045703256,-1.0
1.51610297662712,9.61754704526316,-1.0
0.148565090958743,8.77807420425282,-1.0
-0.53086162266333,6.63163593541026,-1.0
0.107475853457677,6.37662506222827,-1.0
-0.421000348291611,9.11776579924572,-1.0
-0.225211526136277,7.31950862850233,-1.0
0.71290934883175,6.08972179640914,-1.0
0.778703231131448,6.37174944656588,-1.0
-1.28670486180094,7.08550192501891,-1.0
-1.12258533857174,4.82534681537796,-1.0
1.25711392986795,5.15639814270693,-1.0
-0.496783058387503,4.44802872093132,-1.0
-0.554185066786352,6.70111616279273,-1.0
1.51962886401109,5.63999190883732,-1.0
0.77966127114595,6.95156965428328,-1.0
1.23931564946546,3.56971924818899,-1.0
-0.515100703194017,4.53935104819667,-1.0
1.63340825018287,7.93688192355237,-1.0
-0.445370746412585,6.60652510048966,-1.0
0.118948398402246,8.9264175222114,-1.0
-0.855526878723119,8.11879305110483,-1.0
0.156921682521673,5.98667833276359,-1.0
-0.290837538691499,7.05433744611587,-1.0
0.464383764285696,5.85171597952356,-1.0
-1.14836257511985,5.39306309313488,-1.0
-1.1514658176179,4.0876701077848,-1.0
-0.925596232180019,7.2689077909057,-1.0
-0.757507406568412,7.43068768068135,-1.0
-0.855923102188286,5.56557158007122,-1.0
-0.557742271395218,5.71875033889289,-1.0
-1.60549148692289,6.42575323943545,-1.0
-0.89414049236902,7.65078131659096,-1.0
-2.0822769972295,3.46795497768032,-1.0
-1.63312527355335,5.7757061913531,-1.0
0.425500386999832,7.10174693393967,-1.0
-1.15058357341333,7.12820993115218,-1.0
-0.134857120998555,7.58525645976959,-1.0
-0.739463191388369,6.6054211716509,-1.0
0.804852100993994,5.39889769765146,-1.0
-2.34828185927977,4.85600833828542,-1.0
0.0134954859706867,8.66788840605784,-1.0
1.54901194028571,7.31689803358332,-1.0
0.904742525935518,7.89059001900464,-1.0
0.669560412976613,8.79009151516964,-1.0
-0.409452280062335,6.25504191163914,-1.0
3.38488195719628,5.37938216363129,-1.0
-0.0973849978038014,6.48201174488368,-1.0
1.03182639451065,7.25892335635267,-1.0
1.71642673303363,2.46622838038151,-1.0
-0.265457569518798,7.73440695195105,-1.0
0.0271744279605466,2.62543186664558,-1.0
-0.359886006458418,5.77895137924525,-1.0
-1.01285207341278,5.54294831690344,-1.0
0.730186249501654,2.10412744286398,-1.0
-0.0818721089613458,5.08901332697208,-1.0
-1.89324170442753,6.99697351683326,-1.0
-0.0463173527664355,7.66944566775549,-1.0
1.10219013565341,4.06863009909348,-1.0
-0.196313208152673,3.38422829200895,-1.0
0.435156102786045,8.71662511802983,-1.0
-0.170028782987589,6.16758314232699,-1.0
-2.04049090047598,4.7518413041476,-1.0
-0.527051600063072,5.37009798301333,-1.0
-0.20597178276059,4.75366278481425,-1.0
-1.51310156781713,6.5638116856031,-1.0
-1.90527610009854,7.33328859973027,-1.0
0.751622000655511,2.69697687420569,-1.0
0.38767285722701,2.075267502227,-1.0
-0.782775420572307,5.91039002583198,-1.0
-1.70242431307364,5.21503829163035,-1.0
1.07711560629106,8.80810514642841,-1.0
0.959586761686633,5.55540133493171,-1.0
-0.597041409719408,5.43022016872243,-1.0
-0.0719811615343259,3.90751982785509,-1.0
0.48076773869679,8.93117332651567,-1.0
-0.260799673956048,8.22580222700233,-1.0
0.159828019312723,5.33488879550886,-1.0
1.87624202150408,5.26103503469611,-1.0
-0.00370271435426153,7.46632666046305,-1.0
1.26311967946653,3.61109401313748,-1.0
0.904984108933125,5.10352648352589,-1.0
-0.749300285989674,4.89652449113477,-1.0
1.26372444539365,5.7624136520965,-1.0
-0.614774492162787,11.0309064545245,-1.0
0.441163974588469,3.46438415810339,-1.0
-0.0297946834036647,2.98376527842058,-1.0
-0.356444277257048,9.27089474689346,-1.0
1.1271863519862,5.89080732913631,-1.0
0.508790271452601,7.25340275014903,-1.0
-0.15788022549061,3.82838697111601,-1.0
0.845072541390849,4.51933081571235,-1.0
0.639190912808983,6.32995101901381,-1.0
0.739136547804016,5.10628580110774,-1.0
0.00274368931479601,9.1009976419002,-1.0
-1.8568965934688,7.09478734561559,-1.0
0.350106183006019,5.08666195580281,-1.0
1.17377683150027,4.65289600148249,-1.0
-0.778334456492832,11.8078611332184,1.0
1.41797170336948,11.530626234188,1.0
1.20019197044631,13.4710462282117,1.0
1.6068363261498,10.534661653151,1.0
-2.28037543556315,10.6361375125342,1.0
-0.750874795855204,11.684205023488,1.0
2.26626696362004,12.9216076901055,1.0
-2.97147690506017,13.1395718873144,1.0
0.9173170219559,9.97498789264853,1.0
-2.05033672201141,12.5599625858447,1.0
1.68865122154999,11.1773164945311,1.0
-0.645857995783706,11.6997955941832,1.0
3.53829459538407,10.0377411806982,1.0
-0.391761217981075,11.6021619776217,1.0
1.33665980678154,11.1075282864577,1.0
-2.25058091100528,11.2215721262797,1.0
-0.80125502793961,13.4436531332204,1.0
0.699359723101379,13.1531699243687,1.0
-5.11720340418277,12.5298435720337,1.0
0.0415100885905601,10.780323131789,1.0
-1.45265387601549,10.7578331295059,1.0
-0.893780792655932,12.2906456057505,1.0
0.401202934452718,10.0356791062253,1.0
3.70410964309752,11.9017692721032,1.0
-2.40124269619976,11.2298508572783,1.0
-0.65670201768094,12.3666126846932,1.0
-1.1297482196901,10.7887691000825,1.0
-0.90702355569608,11.8132700361029,1.0
0.658867585375723,10.2015728970098,1.0
1.53842499346911,12.0664853403486,1.0
0.164981210095945,11.7628820740494,1.0
-2.00098757904078,10.2527001953256,1.0
-1.47800391026503,11.7985258686271,1.0
1.59982088362266,12.0979635079036,1.0
-0.223223958872884,11.0991283811401,1.0
0.696860260531935,12.805628337331,1.0
1.92377543834216,11.3074143757867,1.0
1.39707091824989,10.1118114443117,1.0
-3.04624409099469,11.6174267010598,1.0
1.69810845678243,11.0181053333546,1.0
-1.042721379972,11.2776232793923,1.0
1.17980023738311,10.46904647182,1.0
-1.2360698848647,12.8109318695538,1.0
0.650704199691588,10.6168075875854,1.0
-2.57861258325872,11.8606978299177,1.0
3.08718396772535,11.7023103131568,1.0
-2.93842656315922,12.527675822092,1.0
-2.94681806402714,11.0083281653065,1.0
-2.11091069548186,12.3951489024124,1.0
-0.0980988413857967,12.8994560427371,1.0
1.73305175019008,11.7542324161847,1.0
-0.00266486340119339,11.5619549525271,1.0
0.526839415432537,12.4419056016574,1.0
-1.96342775401528,11.8845747085766,1.0
-0.705688247029623,13.8811175347983,1.0
1.00245179886623,12.1255287838668,1.0
4.50583946596941,9.92904733803841,1.0
-1.15504550844865,12.6879913080721,1.0
-3.17557356752727,12.6667498933112,1.0
-2.28440001766087,10.9114127382274,1.0
0.995426614744194,11.3389054941285,1.0
2.10488178400158,12.8042839556505,1.0
2.62785174050012,11.0071742547928,1.0
2.22151937265629,11.419159842612,1.0
0.613612071268024,12.2178515191084,1.0
2.45187670910081,10.8273000566736,1.0
1.44391251084428,12.2299743169504,1.0
0.793203152134551,11.9408444338153,1.0
1.93576822553604,13.7405595186148,1.0
-1.89533631456887,12.4317510991636,1.0
-1.57891066906055,11.3740196489658,1.0
0.0510431756283474,12.8771785956795,1.0
-0.872877743803431,11.499034549473,1.0
-1.42507426684291,13.0509238848027,1.0
2.29148038287616,10.4499786830301,1.0
-0.81554998079637,13.0396245356177,1.0
1.46301400357079,12.410262184358,1.0
-3.49960594399516,12.6040752022549,1.0
1.69090259564877,11.5775378957893,1.0
-1.14289556942627,12.7370188814238,1.0
-4.52147453526245,11.9213239144707,1.0
-1.23631346196267,12.3146241471527,1.0
-0.533584073797055,11.3346081232517,1.0
2.06480342419978,12.749818390564,1.0
0.823856302152293,11.924074803894,1.0
-1.05921114413932,12.7823267557515,1.0
0.372712629908498,12.7251208735031,1.0
-0.509461750697344,11.0380195842075,1.0
-0.139005977655679,10.7146585484801,1.0
1.662653731111,10.9777781508304,1.0
1.38413686266276,11.0625673335302,1.0
-3.11213465216566,10.9084801950213,1.0
2.55555610558841,11.1574867451038,1.0
1.99683972516179,11.9258031079618,1.0
-0.212401912670503,11.2597161551175,1.0
-1.79243216164892,12.9599067624793,1.0
-0.421195110177933,12.3222489460843,1.0
0.419666922714125,13.1348043391912,1.0
-2.97474825702264,12.4410093877073,1.0
-0.822468689200885,12.6426664243867,1.0
0.0112671230924682,12.5697151189967,1.0
1.23037743280008,11.0330933711207,1.0
1.92500983502622,11.2914770369439,1.0
2.4336992497593,11.9125463323023,1.0
3.49544000646789,11.8280705396502,1.0
-1.74538661947468,12.8347863020089,1.0
-2.09559249825595,11.7052845224455,1.0
2.6756224163884,10.9394048452113,1.0
-2.95674298115895,12.3448595600462,1.0
-1.64143282304875,12.2609691977594,1.0
2.13661164402202,14.486532411173,1.0
-3.17666631605679,13.3920814776718,1.0
1.50076243121947,12.5885840453606,1.0
2.13954729901403,13.0716160615151,1.0
-2.21828786283957,11.7529148795498,1.0
1.67543816005586,10.2472005025352,1.0
-3.53476680823915,13.1187475900762,1.0
-1.31523179800325,12.1281457038374,1.0
-0.052953420250982,13.59695517416,1.0
-0.601412194235634,13.0067874124306,1.0
0.696198350998028,12.8477151930014,1.0
0.316339450150556,11.6547521925797,1.0
1.73387464357601,12.8794000896834,1.0
-2.35470570210259,11.6056777616707,1.0
-0.988220382522187,12.2708362087412,1.0
2.83127853723775,11.9355481016659,1.0
0.918854459169612,12.3248140729712,1.0
0.510735756577267,14.3449504421209,1.0
-0.0234267931085887,11.8559602536484,1.0
2.89671748568178,11.5991089942838,1.0
4.19388178427678,13.315506394449,1.0
-2.47492732608933,11.3264982687179,1.0
0.486370817837748,11.9648524438546,1.0
2.51831853248239,10.7660506865638,1.0
0.858908771734872,12.3203444682392,1.0
-5.35800509536403,12.5149288247988,1.0
-1.544662859165,12.5693815898329,1.0
-0.916637029534027,11.9959833254795,1.0
-0.507955136601866,12.6117543731918,1.0
2.5384002211242,11.5098275387616,1.0
4.07263144894805,10.2728179835321,1.0
0.957312606830752,11.442714095432,1.0
1.85535790781127,12.8021252288701,1.0
2.47564972631483,13.5039102378056,1.0
-1.02460787496527,12.919658733355,1.0
-1.37695050746325,11.4427531878624,1.0
0.279904735163947,12.3486511405595,1.0
1.08009313690389,10.9114901827781,1.0
-2.38318567009852,12.6006430334115,1.0
1.57004330608399,12.4130246125508,1.0
-0.425937251657479,10.475710370216,1.0
-1.19073427404298,11.6888810453896,1.0
2.05214267494823,13.6367878266479,1.0
0.223571624350278,9.99745739043172,1.0
-0.666443845026343,11.3438667350888,1.0
-0.649605805030308,10.4279953389347,1.0
-0.697933885351252,10.9489203256109,1.0
2.00818079038632,10.3462007044609,1.0
-3.55204449006918,12.3694159081132,1.0
-0.956399909036112,11.0638200733287,1.0
-3.89411034282232,12.0982816309283,1.0
1.93370374655126,12.6302763940302,1.0
-2.80945544569291,11.6785163747523,1.0
-1.65615153942129,12.6276698703008,1.0
-1.97570877553855,11.7883681925313,1.0
2.0969497668914,11.7119780961581,1.0
-0.128766093166439,12.3421033531335,1.0
-0.474689646608321,12.9797212164213,1.0
-1.18172812213514,11.6573219488375,1.0
1.67795147385054,13.6472451291244,1.0
-2.80257068150992,10.7557500341053,1.0
-1.32958842618895,9.87532375118578,1.0
1.20548941706105,12.2255496370751,1.0
-3.259273363489,9.67893454488454,1.0
0.0306170396141058,9.10249788383117,1.0
-0.952287867466108,11.8378618899728,1.0
3.4906319865612,12.1142684739215,1.0
2.26953397563867,11.5809912178453,1.0
0.0294636510068281,11.6395700906573,1.0
0.683637405480052,12.4544566749134,1.0
-0.517873737520046,11.5224865564429,1.0
6.30933562158173,12.1185386704516,1.0
-0.389783242978967,11.5808106950559,1.0
-4.02891984454859,11.5154528261632,1.0
-1.18321662554053,13.751870755817,1.0
-0.908759760914378,13.8812041844466,1.0
-3.18855922238735,12.1803921474198,1.0
0.56089857908135,12.7963066737273,1.0
2.78297657909208,13.2543211419131,1.0
-1.03151126877245,10.4146833662886,1.0
-2.59155354107357,9.57973350487768,1.0
-1.47202580439039,13.185455215894,1.0
0.656888988256462,12.0448848449081,1.0
-0.256895028681578,10.5580719798294,1.0
-3.91585908837645,12.6904708016283,1.0
1.12414191719291,12.7316283635932,1.0
1.16569521749178,13.891626457637,1.0
-3.61757600812734,11.7828679204999,1.0
0.330441284879415,11.79105245404,1.0
1.5105465158031,10.8612164401414,1.0
1.13057215981036,9.41456518292135,1.0
-0.842786462229596,11.2902639000301,1.0
1.81992270521011,13.1378656963914,1.0
-2.6268408962246,10.9191669758019,1.0
-3.94682919991908,12.2322174542184,1.0
2.02013397896456,10.5177057684336,1.0
0.218319371095289,13.4495306324185,1.0
1.36522624116248,13.278263162993,1.0
-1.78844753577032,11.1380840859945,1.0
3.22708968921318,10.9434375028886,1.0
-1.17999757181314,12.9667333019613,1.0
1.32849037167167,13.0645798107205,1.0
-2.2524279041852,12.9130141373331,1.0
-1.99325155581107,12.0266589426313,1.0
-1.81367576521143,12.3123805645212,1.0
-0.562985050737603,12.467923638819,1.0
0.897393687095278,11.5699080428108,1.0
2.03562660110992,13.9548034679326,1.0
1.99762626905372,11.0662252362259,1.0
1.1998056364697,11.2616251779745,1.0
1.17619281103834,12.0293679934424,1.0
-0.516103684659389,12.0815166324386,1.0
-1.19610272228816,10.9166912780165,1.0
-0.160725170520762,10.7219869132852,1.0
1.07559767330759,11.2660167171161,1.0
-1.19046561835173,11.6311864595612,1.0
3.34355019652619,11.9767201843261,1.0
3.15195131234188,10.6999293949143,1.0
1.56118517193839,11.2931870481135,1.0
1.04099101523349,11.5251267924463,1.0
-1.74538514651943,10.9333899931487,1.0
-4.87558434986905,12.9945508047833,1.0
-1.61498263310033,12.5150450298941,1.0
-2.71646701906817,11.6504889718732,1.0
1.53999119591776,13.5855603863692,1.0
3.25729705834621,13.1592089734927,1.0
0.585488661603894,11.8616958448919,1.0
-0.822751771335526,13.026891777006,1.0
-2.01936670747022,11.7804185072011,1.0
-1.09560072849636,11.5235360048906,1.0
1.40135900974777,11.1502350126302,1.0
-0.0586879222960781,13.3366212500656,1.0
3.76036171949296,13.5454568375539,1.0
-1.73384469464746,13.0728664619342,1.0
-5.39118152475241,11.8624126145985,1.0
0.28563611042329,13.3494978824221,1.0
-2.05492925652586,11.8948227052484,1.0
1.05620836794441,12.2111846318006,1.0
0.299384176853938,11.9672289778786,1.0
3.0504842332307,11.563484557687,1.0
-3.67368848975969,12.2787889745526,1.0
0.908492546240224,12.2591573512634,1.0
1.38901594749781,10.9837961092746,1.0
-2.60250181594293,12.1526874942071,1.0
2.12211220842418,14.6412078381427,1.0
4.43723119874527,12.4963423102848,1.0
0.399002146539249,13.4665293136069,1.0
2.08081089251825,12.2889473333575,1.0
0.384694756150873,11.6152824011275,1.0
-3.03505169697955,11.7933878083469,1.0
1.14271986869918,10.5784108547002,1.0
-1.02164955017605,11.2230613723803,1.0
-0.676619125040438,12.8350136397928,1.0
0.968930878157036,12.5709181641033,1.0
1.57665061104317,11.823750963084,1.0
-3.312082790353,14.7718595855305,1.0
3.25240185328144,13.7594468555903,1.0
1.38678657077719,11.9723369967446,1.0
-0.477556150899839,11.8612048170506,1.0
1.92947275909616,12.6700961173534,1.0
-1.92782906589175,11.4681889449307,1.0
0.108315719052383,13.0866693536743,1.0
1.75519137273368,12.240102625951,1.0
-0.722014125220878,12.4961262672647,1.0
-0.495429666163935,10.8069526189203,1.0
-1.76054172471223,12.1548572675893,1.0
0.574786153229458,12.3294898078811,1.0
-0.584501490649356,10.6354973912199,1.0
-0.386847018459495,10.7885480338544,1.0
3.43062002529362,10.8836407735339,1.0
1.0067051479251,12.7326030894625,1.0
-1.12959132552986,12.7162634060088,1.0
0.950808160036409,10.2142099426227,1.0
-3.8651545195207,12.1227755095138,1.0
-3.62338797325566,10.376735720742,1.0
-1.24296256297776,12.0211810904543,1.0
-1.99680687980748,12.3985137001305,1.0
-0.904706969639771,10.0308374431128,1.0
1.6959261735136,13.3295785546729,1.0
0.662853246812003,11.9318204988594,1.0
-3.67014637889249,10.7944017203052,1.0
-0.667710074393479,14.4356264820713,1.0
3.71119439734506,13.9171934424885,1.0
-1.52353904295441,12.383833294599,1.0
-5.58036992350862,11.8036868021523,1.0
-4.38264691885067,12.9952849716729,1.0
-2.47745030691149,12.8854397686476,1.0
1.38623151200059,9.57578166111654,1.0
-1.25786192209482,11.0848298041413,1.0
0.463736391665662,10.5566877559605,1.0
10.9603462843456,11.5061639519292,-1.0
14.2143828820411,11.977382285232,-1.0
8.99555440452244,13.495527481958,-1.0
11.1122109985132,11.7343507412895,-1.0
13.3468345420845,12.5679580538151,-1.0
5.9853159238164,11.6003205602136,-1.0
14.9743906516794,11.9979279524177,-1.0
7.8027116688015,9.96940835899727,-1.0
11.7680778862524,10.9610757602615,-1.0
11.5250416355014,11.9496907685147,-1.0
12.2739091063612,11.2648666043861,-1.0
13.3680157711101,10.1045893056978,-1.0
8.8928607670672,12.6092538356964,-1.0
14.4556954188938,11.5204752293877,-1.0
11.9301387510649,12.751125339775,-1.0
12.3528787256426,11.0196566432455,-1.0
9.62191186740095,9.76263396599758,-1.0
11.9012105713163,13.5108311300116,-1.0
12.6934691305271,11.590388381146,-1.0
12.2151120432341,11.9381121668995,-1.0
12.9485907880805,11.3278740793049,-1.0
9.5487892378141,11.6350860376195,-1.0
7.49052629326214,13.3732595295888,-1.0
11.8129842292788,13.0965517213823,-1.0
9.76726028464064,11.2841977278733,-1.0
11.778349466562,12.4740162230459,-1.0
12.7240984912537,11.6089368623458,-1.0
9.10747560182079,11.7231460123312,-1.0
8.41831772408535,11.5146087545385,-1.0
10.06977388313,11.4829693273018,-1.0
10.252650151825,13.7430565107316,-1.0
11.5486827868025,11.841108109318,-1.0
11.4297096224487,12.7683580214469,-1.0
14.034456893174,12.206077563267,-1.0
11.7029886559158,12.6379488330566,-1.0
13.4744233427313,12.1021644090277,-1.0
11.4663457327807,11.6056444921719,-1.0
9.38160998501424,11.8966043184763,-1.0
13.4122247349952,14.1095007614607,-1.0
10.5287561219754,12.1659402683575,-1.0
8.82654417239109,11.3536581973677,-1.0
12.9527319725742,11.6885677649067,-1.0
13.1905946338142,13.7724774851994,-1.0
12.9149331469393,10.8036949809415,-1.0
10.5028137739735,11.8477846729444,-1.0
12.0401612841681,11.215422016613,-1.0
10.4240790218337,10.3936317996252,-1.0
12.2272828812793,12.6546764367462,-1.0
11.086518791524,12.6275272775329,-1.0
13.3733566075581,12.7591926170371,-1.0
11.6051529843182,12.8319847712655,-1.0
11.0353525480134,11.5126299107786,-1.0
12.4029606143346,12.3455309342204,-1.0
9.42049768380374,10.5526676795598,-1.0
11.561605205477,9.83610331086637,-1.0
9.64863955209005,11.8273353498276,-1.0
10.9328139830276,13.4941113058977,-1.0
14.1654874300008,10.5455195146918,-1.0
12.4625842590925,11.520189126174,-1.0
11.1078131632789,13.644478854046,-1.0
12.7823779488168,14.1261516420043,-1.0
12.5769025284672,13.5298085367229,-1.0
11.1867063171254,12.6767212359157,-1.0
9.47643350284343,11.570058026939,-1.0
15.5890607123645,12.6104854928296,-1.0
12.1000677499588,11.403111804146,-1.0
15.2934208945924,13.1129133061757,-1.0
11.9057869010296,12.2049380461826,-1.0
14.4724338644845,11.0732553071708,-1.0
13.1893510624718,12.110897152998,-1.0
11.9851931723567,12.8930547838928,-1.0
8.7987367998905,13.5905265283888,-1.0
10.5232323806482,10.5762625493785,-1.0
11.2985829156087,11.2496970864978,-1.0
13.9652780262717,12.333964614397,-1.0
13.8240191299993,12.8043720720122,-1.0
12.5494974617515,12.2737095559554,-1.0
11.8474302900232,11.6271279231618,-1.0
13.0286840385709,15.6562744948727,-1.0
10.9120606585746,10.256362465171,-1.0
14.0567837774785,13.7253920363441,-1.0
10.5552404076329,11.8422910056981,-1.0
9.04659668765119,10.7678087192351,-1.0
11.7444738745648,11.5988967307159,-1.0
9.01114322933757,13.0766178719972,-1.0
12.6205095068629,12.8856045627951,-1.0
14.507028002053,10.057132616869,-1.0
9.19483914017847,12.8132582824741,-1.0
8.63267738018194,12.4281302981003,-1.0
11.5113489001619,13.0523399309522,-1.0
11.8296878180782,13.684306049356,-1.0
14.3300014330331,9.55787329269363,-1.0
12.6401869030515,13.2918382323886,-1.0
12.8541369124182,11.2808045026087,-1.0
10.4461791686372,11.2454935844364,-1.0
11.9671498884389,11.120872142725,-1.0
14.1199715813819,12.2181092764328,-1.0
13.3948028755625,11.6483846440193,-1.0
11.4780529195436,12.3684461671941,-1.0
11.3603775766904,11.2207379295067,-1.0
16.8051579182362,13.6755351655619,-1.0
12.7622601593478,12.1718496140405,-1.0
10.7551592046114,10.8754029745272,-1.0
11.1344481900954,12.2085143280427,-1.0
12.3371649917324,11.8840924080171,-1.0
14.7272705711688,13.0777564711998,-1.0
11.4445310340087,11.3171161606042,-1.0
12.3242330613524,12.9258761392254,-1.0
15.3971197748801,12.5017536390798,-1.0
14.158391207677,13.7854317282136,-1.0
11.0542208903663,11.9329681636231,-1.0
10.1445773780113,13.3673070003988,-1.0
14.4803894212985,11.7860958592513,-1.0
11.9487360677476,12.8976071925947,-1.0
11.7753721875105,10.7523893463491,-1.0
9.25196594595454,11.537011118899,-1.0
6.69146139713692,12.0416806711512,-1.0
10.2382185791479,12.6075917752356,-1.0
14.8388021034769,11.1712387054676,-1.0
11.0124384527474,11.540862872157,-1.0
10.2908281364147,10.8201911377078,-1.0
11.293993623681,14.6912163289325,-1.0
13.4005862994879,11.2361337783059,-1.0
10.4466444773325,11.7954968871525,-1.0
7.22489469609624,10.2644040255678,-1.0
10.5476564034778,10.9233731219545,-1.0
14.2257267275108,12.0463643780542,-1.0
14.6678842941125,11.1682091257774,-1.0
14.3114434385248,12.3214602168056,-1.0
12.935267703047,13.0933820183633,-1.0
12.3587120733046,11.5947716276999,-1.0
9.86697798828396,13.1460581913587,-1.0
13.420836367655,13.1526505872355,-1.0
10.4686164925159,13.7680243060214,-1.0
12.9468622160052,12.6110497435301,-1.0
9.2621855040863,12.0461225151191,-1.0
11.7623400670385,13.9914020021531,-1.0
14.511893124284,12.7181308961315,-1.0
11.381805368947,11.9190548520111,-1.0
12.8144544239298,11.5726127673194,-1.0
11.8645520327984,11.7821837209559,-1.0
11.1580912934354,11.7470901105191,-1.0
12.5098867001895,11.2107494097479,-1.0
10.9953604929533,11.9678597245473,-1.0
13.1444446819464,12.5970421759886,-1.0
10.5989457133662,11.8970497546718,-1.0
10.3885010192948,10.9661027435611,-1.0
11.1383738134715,11.3895865816477,-1.0
13.9512112015893,12.5055270360686,-1.0
12.9752600444041,12.7579667318168,-1.0
13.8248654806364,12.7592475252142,-1.0
16.3454161503596,11.190489040474,-1.0
11.2809500110798,11.5051398697994,-1.0
10.9044395917146,10.7465810262114,-1.0
13.708099006417,11.6113104744972,-1.0
11.6327864413442,10.9607404524011,-1.0
13.1807710044737,10.8308376194787,-1.0
13.4735094326176,12.7345549484735,-1.0
13.6551190735292,10.0119400354571,-1.0
11.751965060105,11.7295793560491,-1.0
15.9101550695045,12.6318789198223,-1.0
11.7221224997674,11.9920777371866,-1.0
8.98735800175255,12.2232567377981,-1.0
10.7391486632588,12.3376102001827,-1.0
13.580894554528,15.0187763866922,-1.0
14.8041445446794,11.3855882828219,-1.0
11.2866685208714,12.5931506483436,-1.0
15.4558681022745,10.8285102195006,-1.0
12.2839063365925,12.9953787885643,-1.0
10.9434409761943,12.733958420424,-1.0
14.0423682408192,12.9953478423301,-1.0
11.2993134169486,11.5992971690362,-1.0
9.57927447362767,11.5733238699279,-1.0
6.19093138549099,12.8886649704371,-1.0
13.4768943087456,12.5054334857922,-1.0
13.0858427818773,13.5565469663476,-1.0
10.0260673165172,12.8374717351935,-1.0
9.6020190088481,14.6459232188196,-1.0
7.54574560825987,13.4864835439709,-1.0
10.3265985615163,10.6556098080017,-1.0
10.8465000819517,10.5068128067282,-1.0
13.8293415011476,11.5223884121528,-1.0
11.679768296238,10.715167840406,-1.0
16.1863170347963,11.7181793380801,-1.0
10.6560666943514,13.1544450659228,-1.0
9.7711095536775,13.228355267485,-1.0
11.4838473753063,11.3405528305213,-1.0
12.3643912027113,13.3359490275803,-1.0
12.327360958553,12.5900153147039,-1.0
12.333516799698,11.8621947376455,-1.0
12.8600573880247,12.8121718889996,-1.0
13.1571174083515,13.3781718106338,-1.0
11.3367122545489,11.6853085678804,-1.0
9.8505927855718,11.9762147256195,-1.0
12.1886706857592,12.1749197584894,-1.0
14.2817337952234,11.6337465171599,-1.0
16.3329878169023,12.4800326686025,-1.0
11.7121800543533,12.4970418886318,-1.0
9.27655199264384,13.2720253345518,-1.0
8.77008819563641,12.08856635907,-1.0
10.5882262859679,11.2362898789979,-1.0
9.41326518215306,11.9166388214376,-1.0
11.3279420399069,11.8987822338562,-1.0
9.26606570731398,11.5581652115498,-1.0
12.8420888329502,14.5909555259492,-1.0
15.2642311347488,11.6465802832252,-1.0
14.4153679022383,12.0603574107318,-1.0
12.2965684404795,11.3462878284614,-1.0
12.764537765017,11.992104140966,-1.0
11.5355059154379,11.6303429382032,-1.0
9.77504994518337,12.0744720449526,-1.0
9.47726886174288,12.2580093876507,-1.0
10.6451236293745,11.7058707228884,-1.0
12.4670266941806,12.2904318687201,-1.0
8.52558657135632,14.6910320136266,-1.0
11.2218209791289,13.2059895065369,-1.0
12.3868977221418,12.7874817426093,-1.0
12.8199677287834,11.0660964082346,-1.0
13.2284273721761,12.6855893506417,-1.0
16.29296826959,13.1298124603331,-1.0
10.8331428636263,9.73013048374389,-1.0
13.111481627497099,12.2693777984862,-1.0
8.77702114594319,14.6340704583099,-1.0
13.8771046271637,11.028876575915,-1.0
10.972968117973,10.903257317868,-1.0
13.5422926402514,13.3465430843962,-1.0
17.5039997995409,10.4626171406672,-1.0
10.3415951577751,11.5377591545229,-1.0
11.3231456212078,12.3597511006179,-1.0
15.5240512912566,11.657545561798,-1.0
14.8555666378063,11.8954486844254,-1.0
12.8795352444035,12.0985237896744,-1.0
11.1639339929108,11.4913887045324,-1.0
10.426046770571,11.9832878135099,-1.0
9.96592723741055,10.8898950322362,-1.0
10.355981449369,9.93644879041104,-1.0
12.5609591617665,13.0861394374418,-1.0
12.5722734191963,10.0452534045321,-1.0
15.3293639030617,11.4709677716119,-1.0
12.0972703050934,13.6196699232412,-1.0
13.0606123178556,9.74045019930106,-1.0
10.61515587744,12.1400579068373,-1.0
12.3234101971137,12.9946500711021,-1.0
9.51261012891215,13.791882086465,-1.0
13.4420553572337,11.9232367714063,-1.0
9.05022536032185,11.7585847565752,-1.0
12.2507963899171,9.96333319759382,-1.0
14.0636076325039,12.2667836392282,-1.0
12.785825868799,11.2040160123109,-1.0
13.1847722680119,11.235672671612,-1.0
11.0308954896047,12.324788754591,-1.0
6.61478302090552,11.8409821712501,-1.0
11.0359095972031,11.3890160613461,-1.0
12.7912434469808,10.7748114657352,-1.0
8.92315303262584,12.1019425957291,-1.0
10.3607261380462,11.12497167022,-1.0
15.300484374711,11.2169018600038,-1.0
11.7806545778793,12.3871523208059,-1.0
12.1428813405243,13.2851833530439,-1.0
8.99132355754336,11.6337827382253,-1.0
11.9059241386152,12.1604086298869,-1.0
13.8988913539985,11.5215847975089,-1.0
8.46617382949608,12.0122341081364,-1.0
11.2074854251665,11.0058631231716,-1.0
11.3722744098973,11.1012894315724,-1.0
12.7660273303763,11.6102028026561,-1.0
14.6936258994154,13.3997124619728,-1.0
15.4279806846831,11.2290717856586,-1.0
13.0442278953988,11.5305466250712,-1.0
15.0943390824645,13.4094211452921,-1.0
10.7710258106288,10.9732333778245,-1.0
11.4886312785198,12.5873523219433,-1.0
9.74195906921345,11.1789173664132,-1.0
16.4725563401033,11.94051800327,-1.0
8.26604593923478,12.2179671286572,-1.0
12.9317567236302,12.6498965966096,-1.0
11.2352388065233,11.8184244661818,-1.0
12.898865931555,11.3322502220069,-1.0
8.83686520080403,11.780103327006,-1.0
8.4283875541048,13.1788255199544,-1.0
12.60677019982,13.9132077230208,-1.0
15.9423768353823,12.3254560779208,-1.0
12.9714086124861,13.1196586581147,-1.0
13.2673978389687,11.1704034823456,-1.0
10.541244664992,12.2870574698558,-1.0
12.6674804178039,13.1481541895518,-1.0
10.7605377880281,12.0860791695882,-1.0
10.6408816015953,11.616298913546,-1.0
10.1892698012639,10.7752223616652,-1.0
11.30379498535,13.7483639950118,-1.0
13.7224938835141,12.2118540622339,-1.0
16.4583595671938,12.7812483320502,-1.0
12.549563391154,13.6712932590087,-1.0
11.682841294506,11.8363697857059,-1.0
9.16123566980111,11.1816039472132,-1.0
13.6130978926184,11.9237704701366,-1.0
13.1851352321495,10.3298623392544,-1.0
10.2459187762288,11.0272972383765,-1.0
13.6997917433659,12.1542723648056,-1.0
14.6582218215851,11.8208433335941,-1.0
